exploration/env_infos/reward_dist Mean,exploration/path length Min,exploration/env_infos/final/end_effector_loc Max,evaluation/Num Paths,trainer/Policy Loss,exploration/env_infos/initial/reward_safety Max,trainer/Policy mu Mean,exploration/Returns Min,trainer/Policy mu Std,evaluation/Actions Max,evaluation/Rewards Min,trainer/Log Pis Mean,exploration/Actions Min,evaluation/env_infos/final/reward_energy Mean,evaluation/env_infos/final/reward_safety Max,trainer/Policy log std Max,evaluation/path length Std,evaluation/env_infos/reward_energy Mean,trainer/Q1 Predictions Max,trainer/Policy log std Std,time/evaluation sampling (s),exploration/env_infos/initial/end_effector_loc Std,trainer/Q Targets Max,trainer/Policy log std Min,exploration/env_infos/initial/reward_energy Max,evaluation/env_infos/final/reward_safety Min,evaluation/num steps total,exploration/Actions Mean,exploration/env_infos/reward_safety Min,trainer/Log Pis Max,exploration/env_infos/initial/end_effector_loc Max,evaluation/Returns Max,exploration/Returns Std,exploration/env_infos/final/end_effector_loc Std,evaluation/Actions Mean,exploration/env_infos/final/reward_dist Std,exploration/env_infos/final/reward_dist Max,trainer/Q Targets Min,exploration/env_infos/final/reward_energy Max,exploration/env_infos/final/reward_energy Mean,evaluation/path length Mean,evaluation/env_infos/initial/reward_dist Min,evaluation/env_infos/final/end_effector_loc Std,evaluation/path length Max,exploration/Average Returns,evaluation/Average Returns,evaluation/env_infos/final/reward_energy Min,trainer/QF2 Loss,evaluation/Returns Min,trainer/Q Targets Mean,evaluation/env_infos/initial/reward_energy Min,trainer/Q2 Predictions Max,evaluation/env_infos/final/end_effector_loc Min,evaluation/env_infos/reward_energy Max,trainer/Policy mu Min,exploration/env_infos/initial/reward_energy Mean,time/training (s),evaluation/env_infos/final/reward_energy Max,evaluation/env_infos/initial/end_effector_loc Min,evaluation/env_infos/initial/end_effector_loc Std,evaluation/env_infos/final/reward_energy Std,exploration/env_infos/reward_dist Std,replay_buffer/size,trainer/Q2 Predictions Std,evaluation/env_infos/end_effector_loc Min,evaluation/env_infos/final/reward_dist Min,exploration/env_infos/initial/reward_safety Std,time/total (s),time/logging (s),trainer/Q1 Predictions Std,time/epoch (s),trainer/Policy log std Mean,evaluation/env_infos/reward_safety Std,evaluation/env_infos/initial/end_effector_loc Max,exploration/env_infos/end_effector_loc Min,evaluation/env_infos/reward_safety Min,exploration/env_infos/reward_energy Std,exploration/env_infos/final/reward_safety Min,exploration/num paths total,evaluation/env_infos/initial/reward_safety Mean,exploration/Actions Std,exploration/num steps total,trainer/Alpha Loss,evaluation/env_infos/initial/reward_dist Mean,trainer/Q2 Predictions Min,evaluation/Rewards Std,trainer/Q2 Predictions Mean,evaluation/env_infos/end_effector_loc Std,exploration/env_infos/initial/end_effector_loc Min,evaluation/env_infos/initial/reward_energy Std,evaluation/env_infos/initial/reward_safety Max,exploration/env_infos/end_effector_loc Mean,trainer/Q1 Predictions Min,evaluation/Actions Std,evaluation/env_infos/initial/reward_dist Std,exploration/Num Paths,exploration/Actions Max,exploration/env_infos/initial/reward_safety Mean,evaluation/Rewards Mean,time/saving (s),trainer/Alpha,evaluation/Rewards Max,exploration/env_infos/initial/reward_safety Min,exploration/env_infos/reward_energy Mean,trainer/Log Pis Std,exploration/path length Max,evaluation/env_infos/final/end_effector_loc Mean,exploration/path length Std,exploration/Rewards Min,exploration/env_infos/final/reward_energy Std,exploration/env_infos/initial/reward_dist Std,exploration/env_infos/reward_safety Std,exploration/env_infos/end_effector_loc Std,exploration/Rewards Mean,trainer/Q Targets Std,evaluation/env_infos/reward_energy Std,evaluation/Returns Mean,evaluation/env_infos/initial/reward_energy Mean,exploration/env_infos/initial/reward_dist Mean,exploration/Returns Mean,trainer/Log Pis Min,exploration/env_infos/initial/reward_dist Min,evaluation/env_infos/reward_energy Min,evaluation/env_infos/reward_dist Min,evaluation/env_infos/reward_dist Std,trainer/Q1 Predictions Mean,evaluation/path length Min,exploration/Rewards Max,evaluation/env_infos/reward_dist Mean,evaluation/env_infos/reward_dist Max,exploration/env_infos/end_effector_loc Max,evaluation/env_infos/initial/reward_energy Max,evaluation/env_infos/reward_safety Max,evaluation/env_infos/initial/reward_dist Max,exploration/env_infos/final/reward_dist Mean,evaluation/env_infos/initial/reward_safety Std,exploration/env_infos/initial/reward_energy Min,exploration/env_infos/final/reward_safety Max,time/data storing (s),evaluation/env_infos/initial/end_effector_loc Mean,time/exploration sampling (s),exploration/env_infos/reward_energy Min,exploration/env_infos/initial/reward_energy Std,exploration/env_infos/final/reward_energy Min,evaluation/env_infos/final/reward_dist Mean,trainer/Policy mu Max,exploration/env_infos/initial/end_effector_loc Mean,exploration/env_infos/final/reward_safety Mean,evaluation/Actions Min,evaluation/env_infos/final/reward_dist Max,exploration/Returns Max,exploration/env_infos/reward_safety Max,evaluation/Returns Std,trainer/QF1 Loss,evaluation/env_infos/final/reward_safety Std,Epoch,exploration/env_infos/reward_dist Min,exploration/path length Mean,evaluation/env_infos/final/reward_safety Mean,exploration/env_infos/final/end_effector_loc Min,evaluation/num paths total,exploration/env_infos/reward_energy Max,exploration/Rewards Std,evaluation/env_infos/initial/reward_safety Min,exploration/env_infos/reward_dist Max,exploration/env_infos/final/reward_safety Std,exploration/env_infos/final/reward_dist Min,exploration/env_infos/final/end_effector_loc Mean,evaluation/env_infos/reward_safety Mean,evaluation/env_infos/end_effector_loc Mean,evaluation/env_infos/end_effector_loc Max,exploration/env_infos/initial/reward_dist Max,evaluation/env_infos/final/end_effector_loc Max,evaluation/env_infos/final/reward_dist Std,exploration/env_infos/reward_safety Mean
0.006531610722576015,20,1.0,50,-1.3788522,0,0.0009916793,-21.082899879887606,0.0005614078,0.0020331442,-0.17363755425782407,-1.3801988,-0.95036983,-0.0016378391,0,0.00095449324,0.0,-0.001595088,0.0005953298,0.00067525636,0.3775917239836417,0.023389886838447446,1.6995835,-0.001255323,-0.8137934,0,1000,0.07135141,0,-0.57752347,0.04731561988592148,0.7887635051220081,4.084308629533004,0.6206289351043605,0.0009945718,3.682263075540682e-42,9.205657688851706e-42,-1.3586853,-0.22634476,-0.8149082,20.0,7.841874773081351e-07,0.005742691195648522,20,-15.803383569703508,-1.4252660434382491,-0.0020760805,1.0212954,-3.4407882099728715,0.8199066,-0.0019744087,0.0012633132,0.0018113465293936315,-0.0011155518,5.9529208e-05,-0.91917574,13.783229297958314,-0.0011155518,7.661175914108753e-06,2.6382274696383434e-05,0.00025464903,0.03208916555525802,2000,0.0006939599,7.661175914108753e-06,3.7580726225505427e-07,0.0,17.13946314487839,0.011981898976955563,0.00062869355,14.335593226889614,5.1369003e-05,0.0,9.796446829568595e-05,-1.0,0,0.2810925,0,55,0.0,0.5960354,1100,-0.0,0.003139151745995449,-0.0017172005,0.04758028917144797,-5.1198425e-05,0.0042265277416476555,-0.036816589534282684,0.00021481459,0,0.30367124559696096,-0.0022684392,0.0005576251,0.005746516200797977,5,0.9814802,0.0,-0.07126330217191246,0.046366382972337306,0.997004508972168,0.04755141903024335,0,-0.8010527,0.2891524,20,0.010373084788316191,0.0,-1.4884625786902972,0.29777345,0.011549571663583759,0.0,0.48117538075372507,-0.7901691784851755,0.5907029,0.00023650023,-1.4252660434382491,-0.001551909,0.005832162295332311,-15.803383569703508,-2.6080766,2.9415327571476014e-08,-0.0020760805,3.7580726225505427e-07,0.006175291344779038,-0.0012304133,20,-0.14417837646278134,0.003369293387070873,0.03539476713193678,1.0,-0.0011551164,0,0.026217807271436563,1.841131537770341e-42,0.0,-1.1116745,0,0.0645713490084745,4.8705069802963406e-05,0.051852573989890516,-1.2556794,0.11113547,-1.0477939,0.004039682064273906,0.0022057514,0.022901024669408798,0.0,0.00015322352,0.03539476713193678,-10.287912872958628,0,0.9503189179581212,1.0231766,0.0,0,8.693444114247389e-139,20.0,0.0,-1.0,50,-0.19165929,0.3471185997336873,0,0.2262193453765557,0.0,8.693444114247389e-139,0.4758482058648951,0.0,0.003790417859933768,0.02089683132362552,0.028930938716454847,0.02089683132362552,0.007689419785620952,0.0
0.013716260122514014,20,1.0,50,-1.4386128,0,0.032072753,-14.321349062945972,0.042637322,0.10007624,-0.6623710109549055,-1.3053833,-0.96228576,-0.07184032,0,-0.13578787,0.0,-0.06578993,0.9351969,0.13799056,0.4377666680375114,0.0219798074408663,0.9745541,-0.6923197,-0.39001712,0,2000,0.05120923,0,-0.6280842,0.03498200327157974,-0.5511536643858927,3.202378837127957,0.7005455373914081,0.03327439,9.395194507874404e-22,2.3487986269686008e-21,-2.0658288,-0.39423218,-0.6792081,20.0,1.0815920912181298e-06,0.3563646413148416,20,-9.057158077385616,-2.750584207308498,-0.1524684,0.02314812,-5.28972488760712,0.10450238,-0.115607396,0.9786096,-0.8198354460764676,-0.024663439,-0.17484899,-0.5958063,16.28918298095232,-0.033965252,-0.002777771558612585,0.0014687284811419276,0.02508294,0.09208734917040114,2000,0.70192903,-0.8198354460764676,7.72912852006095e-73,0.0,34.11271697381744,0.011391006992198527,0.7282004,16.89381391799543,-0.34039587,0.0,0.004968513734638691,-1.0,0,0.28677484,0,60,0.0,0.4723222,1200,-4.935375690460205,0.004611742354701273,-1.799215,0.08857179641561301,0.15171906,0.20001748579606576,-0.038771163672208786,0.023736209,0,0.14184139669960133,-1.980433,0.036933713,0.00786851486246157,5,0.9683244,0.0,-0.1375292103654249,0.018178000987973064,0.224007710814476,0.10861373958463569,0,-0.6076031,0.37601733,20,0.3503322382297929,0.0,-1.1836047427122092,0.18682043,0.002889811328351288,0.0,0.486734764232892,-0.4528579038692807,0.73204607,0.024784131,-2.750584207308498,-0.057304073,0.001564916193119346,-9.057158077385616,-3.7049923,4.734837893116076e-05,-0.1524684,7.72912852006095e-73,0.10815319174666452,0.09497059,20,-0.02592758321785373,0.027983669450777505,0.9601027652391966,1.0,-0.024663439,0,0.030192180639948638,4.697597253937202e-22,0.0,-0.8330159,0,0.07859579799696803,0.0016284325968126722,0.05869946302846074,-1.2453442,0.17786472,-0.91792697,2.6608765723785987e-06,0.10788773,0.00040540462359786036,0.0,-0.12820469,0.00013275741724825494,-4.830845364176782,0,0.870086278036252,0.020255193,0.0,1,3.710768093156718e-113,20.0,0.0,-1.0,100,-0.0479694,0.2840117415660338,0,0.8010045245826167,0.0,3.710768093156718e-113,0.33756915691192263,0.0,0.12828416926012287,1.0,0.007342384594867152,1.0,1.858525136105913e-05,0.0
0.035130498273693016,20,1.0,50,-0.4448486,0,0.07240671,-12.072109356128776,0.2756147,0.47382754,-0.9805305124209408,-0.6591034,-0.8951047,-0.20544241,0,-0.12148425,0.0,-0.16893207,0.70807564,0.54889274,0.38495931099168956,0.018916239900082656,0.7930505,-2.1004634,-0.29904014,0,3000,-0.021184454,0,2.5619998,0.027160439640283585,0.022853828182832714,2.0263998446675613,0.680904619057823,-0.018346015,2.2912295142398386e-24,5.728073785599596e-24,-3.8951488,-0.400907,-0.5237918,20.0,1.036733606708397e-06,0.6252310903304963,20,-8.35024654538151,-4.112303354108893,-0.5890335,0.023870306,-11.0429383031792,-0.33304268,-0.5063348,0.700584,-1.0,-0.008595914,-1.4752814,-0.53202736,16.614352445001714,-0.044295743,-0.004559501074254513,0.006547379285233167,0.13749665,0.12118331467353158,2000,1.0270962,-1.0,6.505709623638886e-125,0.0,51.31695447576931,0.011122114025056362,1.0928434,17.168877209012862,-0.7609812,0.0,0.02369137667119503,-1.0,0,0.23893146,0,65,0.0,0.36967546,1300,-7.640085220336914,0.0036407947362784594,-3.7717667,0.19227530716451033,-0.2597806,0.38934199257827373,-0.030980104580521584,0.13520643,0,0.22158568386221306,-3.8772068,0.15893157,0.0068434993211529,5,0.8690813,0.0,-0.20561516770544466,0.019856683968100697,0.056378450244665146,0.1696559440895206,0,-0.46597123,1.091273,20,0.07316408999429314,0.0,-0.98545522057091,0.14548184,0.004153121601536742,0.0,0.4694328161930672,-0.4175123272690755,1.0985668,0.15051109,-4.112303354108893,-0.16380557,0.0033532608304180332,-8.35024654538151,-4.839019,7.623124160219781e-06,-0.7496664,6.505709623638886e-125,0.165262412518842,-0.3269675,20,-0.14404613650800074,0.054719868561425286,0.9905977441857107,1.0,-0.008595914,0,0.027541143147020143,1.1456147571199191e-24,0.0,-0.62477505,0,0.08094223897205666,0.003677381635425263,0.057644416054245085,-1.0446615,0.12031248,-0.76915056,0.026597722223923335,1.1157819,-0.0037531378446146848,0.0,-0.6319353,0.6415138110468148,-5.907894736840747,0,2.7908660215763734,0.017692843,0.0,2,1.3081071859514657e-87,20.0,0.0,-1.0,150,-0.0053132684,0.19970253753560988,0,0.7141589123188224,0.0,1.3081071859514657e-87,0.28265833523473705,0.0,0.11837635396427652,1.0,0.009744173663282951,1.0,0.10600706836699395,0.0
0.04833348245064295,20,1.0,50,1.2506045,0,0.078111716,-20.30660901113858,0.4682816,0.8778691,-1.2085637690159574,0.25188172,-0.92235565,-0.32068977,0,0.008716524,0.0,-0.20890418,0.42223316,0.5900021,0.40918377798516303,0.019772773965899996,0.4918731,-2.4532475,-0.084442414,0,4000,-0.017685952,0,4.2887087,0.04952163249254227,-1.003101614325573,6.708280960712241,0.6399776751337675,0.03542689,2.2240595407486763e-05,5.560148851871715e-05,-6.2460384,-0.16331023,-0.64103484,20.0,1.041842250212071e-06,0.6898533129947537,20,-7.497244328200699,-5.984098778216422,-0.8832265,0.05220912,-13.478741681542042,-1.0837153,-0.95723987,0.39701077,-1.0,-0.0071600573,-2.2164893,-0.4483385,16.754843392933253,-0.022309285,-0.025427717715501785,0.011327681116032624,0.19609931,0.12586326529366537,2000,1.4089872,-1.0,6.351486762217848e-153,0.0,68.70197777252179,0.011969644983764738,1.41329,17.33727161382558,-1.2938235,0.0,0.04389345645904541,-1.0,0,0.29896843,0,70,0.0,0.33685866,1400,-6.916830062866211,0.004391564756277722,-5.7696066,0.2846854222025365,-1.1261494,0.46466116772838895,-0.022803928703069687,0.23375435,0,-0.05948943847190833,-5.987834,0.19618674,0.011296853013374257,5,0.99057543,0.0,-0.2992049389108211,0.02077168400865048,0.019088242202997208,0.04030743869954637,0,-0.37174046,1.312343,20,0.34845381150144933,0.0,-1.421316607799331,0.31519866,0.037120807267926846,0.0,0.5190603043825242,-0.374862216410035,1.4407951,0.18933478,-5.984098778216422,-0.282618,0.01866646358374743,-7.497244328200699,-5.3392715,1.0944021865487428e-05,-0.95723987,6.351486762217848e-153,0.08509534273373932,-1.0580854,20,0.022023733219372715,0.022522302598133204,0.8489396522798232,1.0,-0.014390899,0,0.07359780690685738,1.1120297703743632e-05,0.0,-1.0267653,0,0.08250545099144801,0.0063107975164894015,0.057997662923298776,-1.247715,0.35160556,-0.9917147,0.0012310890488411547,2.939132,0.003850948705803603,0.0,-0.80007553,0.05729424853977519,-1.2158847395276702,0,3.9012481038152234,0.025867062,0.0,3,1.823485806317538e-160,20.0,0.0,-1.0,200,-0.011746059,0.39763823091429984,0,0.6456759628516892,0.0,4.645207647884379e-123,-0.2205065387655168,0.0,0.188971594666903,1.0,0.09290792221843597,1.0,0.008031143726571037,0.0
0.008195102527721198,20,1.0,50,2.7633495,0,0.037201717,-9.359239674921882,0.6383009,0.9708922,-1.0938419861976032,1.4184483,-0.8259903,-0.23930429,0,-0.4521225,0.0,-0.22262411,0.3361777,0.67193013,0.43803942698286846,0.01791473237812653,0.34926993,-3.332419,-0.07219815,0,5000,-0.043644056,0,6.7787204,0.01595042087137699,-0.8562072686877007,1.406004528091502,0.7687861023718142,-0.016888345,2.0132339706790083e-32,5.03308492669752e-32,-7.671921,-0.2343421,-0.32933453,20.0,7.647733117422057e-07,0.7147519972479134,20,-6.712635015262632,-4.80093601319974,-0.6089058,0.013692832,-13.315941235834176,-1.4843773,-1.1828908,0.3226503,-1.0,-0.011438809,-2.198358,-0.37026232,17.27627883903915,-0.011438809,-0.04368870332837105,0.01902312486274439,0.13076542,0.0570418740983359,2000,1.5817913,-1.0,3.548499371339423e-167,0.0,86.64803956344258,0.011612372996751219,1.5701615,17.892377758864313,-1.7893648,0.0,0.04854460805654526,-1.0,0,0.2199367,0,75,0.0,0.25392437,1500,-2.6852805614471436,0.015622172904195302,-7.5171223,0.19777888552954065,-1.5023961,0.48696660172155365,-0.04067607223987579,0.3502953,0,-0.09761900421697646,-7.6782713,0.21023022,0.03132849969328244,5,0.53063726,0.0,-0.24004680065998696,0.021216182969510555,0.009869405068457127,0.04825365151793504,0,-0.2905041,1.7461257,20,-0.05597680749453502,0.0,-0.7522381192782295,0.06572478,0.0007269352082766054,0.0,0.4770419797284514,-0.3356317507631315,1.563599,0.19850042,-4.80093601319974,-0.4149512,0.0007179186437425314,-6.712635015262632,-6.751231,2.016175529632264e-06,-1.1828908,3.548499371339423e-167,0.1221800849636127,-1.4707949,20,-0.09762687196021799,0.034617378895050954,0.9743123339576664,1.0,-0.07883967,0,0.14597858887871124,1.0066169853395041e-32,0.0,-1.0684769,0,0.08522743394132704,0.002595151792120305,0.060003502934705466,-1.0684769,0.35976452,-0.4093917,1.403413305409138e-12,3.1755414,-0.0034954613191075625,0.0,-0.87377405,7.008405089218422e-11,-5.382407822988125,0,2.859159392602369,0.0077283913,0.0,4,2.712150611087399e-115,20.0,0.0,-1.0,250,-0.026440494,0.17231276641292642,0,0.5664741448543941,0.0,2.712150611087399e-115,-0.10307547032571165,0.0,-0.008982847779626353,1.0,0.001714760999589165,1.0,9.811523316247474e-12,0.0
0.036776746381720335,20,0.9897930286824703,50,3.7500453,0,-0.03530057,-5.609049145097477,0.74691314,0.9624128,-1.0173504360053003,1.9194535,-0.3673664,-0.34621823,0,-0.2100603,0.0,-0.18757862,0.051809028,0.82171273,0.383065968984738,0.00516381337373307,0.10032825,-3.458809,-0.076255865,0,6000,0.005462972,0,8.993217,0.002915475983172655,-0.8033803196236884,1.166431303736986,0.5456706800692532,0.009029997,0.0009720025989436519,0.0024300064973591293,-8.467359,-0.1615696,-0.3805244,20.0,9.780290903248372e-07,0.5180256945264661,20,-4.4345870635376325,-3.843459102699382,-1.2157756,0.012379031,-13.226942532216238,-1.9559519,-1.33593,0.15693063,-1.0,-0.0033872805,-4.1121535,-0.16431051,17.21430682594655,-0.029244218,-0.04774317890405655,0.01282548977013773,0.26470906,0.13072123409611824,2000,1.7565871,-1.0,2.364675382988129e-114,0.0,104.4804193363525,0.011706641991622746,1.755456,17.770295328868087,-1.8924448,0.0,0.0437164306640625,-0.986460704691126,0,0.119326904,0,80,0.0,0.1414996,1600,-0.39446336030960083,0.0039559335839366334,-8.422449,0.2075953077411593,-1.9706974,0.35864443163407805,-0.0145677225664258,0.28387186,0,-0.11081085292786157,-8.473954,0.20542108,0.008142776253164473,5,0.5356503,0.0,-0.19217295513496913,0.02087824698537588,0.0074642435647547245,0.09714752115457069,0,-0.16082616,1.7249967,20,-0.0700389270145945,0.0,-0.7753187089024943,0.1609634,0.001603191775006434,0.0,0.30217643558133733,-0.2217293531768816,1.7404906,0.22220027,-3.843459102699382,-0.22587176,0.002379826692718162,-4.4345870635376325,-2.8295405,2.474627178990114e-06,-1.33593,2.364675382988129e-114,0.12213864931452138,-1.9940597,20,-0.02254707338102462,0.03779155359799472,0.9765569911024896,0.9897930286824703,-0.010410028,0,0.033300844005061225,0.0004860012994718259,0.0,-0.3367977,0,0.08253609802341089,9.178051259368658e-05,0.05780154693638906,-0.5669324,0.09105578,-0.5669324,0.01734810525565148,3.2279408,-0.004176889828522689,0.0,-0.9548636,0.417595315729335,-2.2413987959487542,0,2.93516403959836,0.018280005,0.0,5,6.559220335352781e-86,20.0,0.0,-0.986460704691126,300,-0.023679063,0.14802843625092862,0,0.8289040329280658,0.0,6.559220335352781e-86,-0.22409352471440797,0.0,-0.05081870136584095,1.0,0.00494322865562003,1.0,0.06642964371927737,0.0
0.05694613757714582,20,1.0,50,4.148192,0,-0.020383637,-4.855271993323046,0.9390515,0.99988276,-1.3440243348512366,2.2111452,-0.52220094,-0.36721534,0,-0.10387415,0.0,-0.20179115,0.012730256,0.72644585,0.3965879589668475,0.01247750298978387,-0.027279478,-3.30726,-0.062450573,0,7000,0.042527467,0,11.232865,0.028305470943450928,-0.4057488331436007,1.6824562486650723,0.37755249139652286,0.011304243,6.803096586217247e-07,1.7007754094296913e-06,-8.055742,-0.13310334,-0.27836668,20.0,1.1136740905871245e-06,0.5307026906274451,20,-2.6149582561771583,-3.813230885391356,-1.4057927,0.017701255,-14.356727272572638,-2.0806358,-1.2780751,-0.019385763,-1.0,-0.0014590693,-3.9690952,-0.29733685,16.829098037967924,-0.038024206,-0.040336333215236664,0.013203120607996742,0.2842151,0.14166711929402395,2000,1.6984496,-1.0,1.3807181434420726e-117,0.0,121.94273020821856,0.011710846971254796,1.6495169,17.39339139283402,-1.9641976,0.0,0.049432460218667984,-0.2600276547309477,0,0.1688702,0,85,0.0,0.1928927,1700,1.0229817628860474,0.007141711022714072,-8.13222,0.1955165283016908,-2.1416988,0.325258764307367,-0.014886912889778614,0.26655722,0,0.19021273008671413,-7.991847,0.21081471,0.013455342551569308,5,0.82171386,0.0,-0.19066154426956777,0.020620112016331404,0.007869258522987366,0.1176011287326231,0,-0.22252016,2.0673306,20,0.08597535556193407,0.0,-0.46530732682119674,0.09437392,0.01131309316122308,0.0,0.30922191627325846,-0.1307479128088579,1.6627966,0.22004907,-3.813230885391356,-0.26247063,0.013858456921436783,-2.6149582561771583,-2.860803,0.00025720305527546824,-1.411996,1.3807181434420726e-117,0.1311916405336601,-2.0380602,20,0.06593168401397932,0.03855603118419934,0.9764575170510866,1.0,-0.013314729,0,0.06351079950830492,3.401560921918638e-07,0.0,-0.63339686,0,0.08001984795555472,0.0007791606045793742,0.055354588956106454,-1.0132892,0.19556862,-0.40618396,0.011208532235328663,4.1055937,0.0016224285362113732,0.0,-0.9970055,0.4263555419799056,0.2594231954767888,0,2.5308589886138626,0.010147807,0.0,6,1.400360109448616e-71,20.0,0.0,-0.2600276547309477,350,-0.016055536,0.12201996465774548,0,0.9015890887348047,0.0,1.400360109448616e-71,0.40479987000871914,0.0,0.03866888204524002,1.0,0.03381580837532359,1.0,0.06107506063870697,0.0
0.0010033950119023034,20,0.3076704049599357,50,4.5783978,0,-0.095976636,-5.236983797170601,0.7015498,0.99134475,-0.9321778592625859,2.2988136,-0.5470693,-0.3135083,0,0.8801081,0.0,-0.18026197,0.06189949,0.8764546,0.36757068597944453,0.0032007169894152773,0.09419078,-3.6227884,-0.055122674,0,8000,0.005868623,0,10.128529,0.002139920834451914,0.6332654788163612,1.3053565252122743,0.24699295195598703,-0.001984881,9.562233872611628e-10,2.214659162821966e-09,-10.369838,-0.03415086,-0.24279273,20.0,1.372250241547084e-06,0.3778580973246017,20,-2.7347123217099,-3.0239671265194294,-0.85670745,0.0098087685,-7.520958997956888,-2.3832593,-1.1487868,0.033032008,-1.0,-0.0014531825,-2.803193,-0.11434402,16.4042554149637,-0.05888976,-0.029567599296569824,0.01403626342893897,0.19252978,0.0025783031871560594,2000,1.8172631,-1.0,1.6229972448419115e-114,0.0,138.95105464220978,0.011477700027171522,1.7998447,16.932195257977583,-2.1702104,0.0,0.04956723749637604,-0.47598958265734836,0,0.11126633,0,90,0.0,0.12508851,1800,1.3913657665252686,0.006655107019187697,-10.324669,0.13559249761475323,-2.445539,0.25753288959217135,-0.006918296217918396,0.25920317,0,-0.057660149397597706,-10.253583,0.17275445,0.011136069680102436,5,0.37837067,0.0,-0.15119835632597148,0.02029087400296703,0.009505241177976131,0.10801268900204317,0,-0.13777865,1.642101,20,0.031296973786793386,0.0,-0.4564956312840614,0.15482238,0.0007966628144674196,0.0,0.134262729762765,-0.13673561608549498,1.8065612,0.16492939,-3.0239671265194294,-0.3066397,0.0006417095111301781,-2.7347123217099,-2.9380057,2.760503684604714e-06,-1.1487868,1.6229972448419115e-114,0.159654517262814,-2.39059,20,-0.028409452570169868,0.06064679306067595,0.9579435113684471,0.3076704049599357,-0.0089504,0,0.042140001008026964,7.779841839008678e-10,0.0,-0.15192728,0,0.07422025396954268,0.002121558255748823,0.05438032903475687,-0.6479417,0.033376556,-0.50116926,0.04203370542746172,3.818632,-0.0027369874660507776,0.0,-0.6962913,0.909718541712733,-1.5183549610732023,0,1.968063338387484,0.005109415,0.0,7,1.4507928248279783e-12,20.0,0.0,-0.47598958265734836,400,-0.009909929,0.08730251455636241,0,0.013355384704589619,0.0,1.471114082372077e-12,-0.08090381218062248,0.0,0.03062064041320673,1.0,0.0020921653157101178,1.0,0.17396600122729278,0.0
0.02910301537979727,20,1.0,50,4.5569506,0,-0.050522372,-13.008441665430839,0.8926949,0.9405836,-1.1191619027253887,2.339166,-0.6957936,-0.20543566,0,-0.1712302,0.0,-0.18212685,0.15710497,0.81135565,0.36464731401065364,0.015249703076227692,0.11870356,-3.6267562,-0.15014447,0,9000,-0.011143715,0,9.4542465,0.04692767187952995,-0.05000290112808747,3.7785503174182633,0.5611418984198019,0.005353325,4.673856182081105e-12,1.1684640455202776e-11,-8.290748,-0.08909863,-0.3999985,20.0,3.971350506305118e-07,0.5258984575021536,20,-5.590545887848239,-4.142991573205059,-0.8502982,0.0056323665,-15.447712915449063,-2.3889952,-1.0926777,0.10240937,-1.0,-0.0003728692,-3.2423537,-0.4017207,16.515206285985187,-0.020575339,-0.02811693772673607,0.014407173360782068,0.16665332,0.11989577474399353,2000,1.7863463,-1.0,3.019991718417931e-190,0.0,156.08437378623057,0.01168920804047957,1.751586,17.04817883699434,-2.0528944,0.0,0.04702917858958244,-0.8400300980720203,0,0.20469402,0,95,0.0,0.25069124,1900,1.5249791145324707,0.00734853676609744,-8.534765,0.18275130308626758,-2.385007,0.3535524872318054,-0.01244794949889183,0.24454369,0,0.16525954526642864,-8.323154,0.1748859,0.011656437296081103,5,0.93855345,0.0,-0.207149578660253,0.02044997998746112,0.011157725937664509,0.11452258651880969,0,-0.28989807,1.9594622,20,0.1471371377552856,0.0,-0.9988070870320488,0.17316358,0.006191631376494148,0.0,0.352047044352627,-0.279527294392412,1.7677755,0.1675031,-4.142991573205059,-0.33442482,0.009022855715671787,-5.590545887848239,-5.2001133,0.00011858104859891802,-1.0926777,3.019991718417931e-190,0.1550740985256875,-2.3638682,20,-0.023636043296203335,0.04691138995266874,0.9956730034161771,1.0,-0.0030394392,0,0.0400876641503689,2.336928091040565e-12,0.0,-0.95106924,0,0.07923213194590062,0.0026429690935037796,0.05695391702465713,-0.95106924,0.2961764,-0.5588415,0.039523735108663034,3.9872413,0.008878149150405079,0.0,-0.80243874,0.8295471270857913,-2.8421383348516107,0,3.0346408550467943,0.006705032,0.0,8,1.4524929180368032e-96,20.0,0.0,-0.8400300980720203,450,-0.016794967,0.22284958503487703,0,0.9072240176602172,0.0,7.101414783251201e-91,0.22840113089941952,0.0,0.09588991504396137,1.0,0.017159226735284153,1.0,0.1477061637333027,0.0
0.049268249122263214,20,0.745587196550332,50,3.8969805,0,-0.09155755,-3.9003489460127727,0.68828756,0.9194813,-1.0979834431980011,1.9075866,-0.7539487,-0.21398577,0,-0.18469965,0.0,-0.16170685,0.24436659,0.766286,0.35744488099589944,0.00806371224165409,0.28397328,-3.50656,-0.111935645,0,10000,-0.0054260083,0,8.946947,0.01649501360952854,0.26928368944438985,1.1490818931760673,0.3532840905280661,-0.013633861,0.00010075604668590133,0.0002578783115506947,-9.1705,-0.08520222,-0.16043125,20.0,1.0912243878235296e-06,0.5014821839795566,20,-2.9092942293813797,-3.2765461625850905,-0.6247882,0.008823081,-11.641081691387882,-2.0981212,-0.93528163,0.246609,-1.0,-0.0034717093,-3.0412848,-0.22050035,16.479661519057117,-0.019173969,-0.027850329875946045,0.009746448783336014,0.15601906,0.1408729761849185,2000,1.561185,-1.0,4.563938463868071e-183,0.0,173.1746343562845,0.011005309002939612,1.519828,17.002017129969317,-2.0317292,0.0,0.045974064618349075,-0.30520478953258134,0,0.16131653,0,100,0.0,0.18074107,2000,-0.40869563817977905,0.006276931565076704,-9.253553,0.14391402297089312,-2.13682,0.32042746534402444,-0.007232184521853924,0.18357539,0,0.07380516077788343,-8.970738,0.14382313,0.012463899334820172,5,0.6596505,0.0,-0.16382730812925456,0.01763451297301799,0.012001979164779186,0.058488236578248295,0,-0.19842009,1.709602,20,-0.008566304955570559,0.0,-0.39760693801916164,0.07936924,0.0027239631737085864,0.0,0.21776008719663567,-0.145464711469069,1.5476177,0.1248713,-3.2765461625850905,-0.22088298,0.0018385303883398016,-2.9092942293813797,-5.4777594,3.036680049913113e-06,-0.93528163,4.563938463868071e-183,0.12256651807491493,-2.0307574,20,0.06473444438715667,0.03587026234047669,0.9629176654459184,0.745587196550332,-0.03170118,0,0.05262508676811429,5.782300767032211e-05,0.0,-0.34625685,0,0.08121665904764086,0.002849255315204573,0.05505424889270216,-0.8999308,0.08731406,-0.30404124,0.0019487919155893399,2.9111385,0.0022982039488852026,0.0,-0.59726,0.05774652780316915,-0.6778452062539587,0,2.2077476322075595,0.012764413,0.0,9,2.24277181309081e-91,20.0,0.0,-0.30520478953258134,500,-0.003831301,0.09145349499877609,0,0.8928675811490123,0.0,2.24277181309081e-91,0.11188677931804705,0.0,0.020740353353210252,1.0,0.007061918650268805,1.0,0.008311934522198309,0.0
0.006472252266609693,20,0.6416231172042899,50,4.0564833,0,-0.12574004,-6.237397763232478,0.6978928,0.84595865,-0.6855053700763152,2.2770128,-0.85875976,-0.10597203,0,0.12783131,0.0,-0.120724015,0.29748216,0.79544145,0.3521075779572129,0.012872159240097597,0.2770406,-3.5880418,-0.037153807,0,11000,-0.0014620125,0,8.811665,0.026491716504096985,1.3478668755518537,1.462505160409571,0.37731063603617654,0.0015722341,1.2164159633876745e-08,3.0410690624728066e-08,-7.8510613,-0.042522322,-0.3370951,20.0,1.5149998745087173e-06,0.4689355593469319,20,-3.666669519141604,-2.8444278197365156,-0.43021578,0.020691678,-8.43820005444513,-1.9118572,-0.8507338,0.2669251,-1.0,-0.0025247391,-3.1549766,-0.3537507,16.29773305094568,-0.003050932,-0.0192978885024786,0.009794316447766314,0.08441736,0.02227776085288516,2000,1.359266,-1.0,2.4831378314973223e-136,0.0,190.0862438812037,0.011967035999987274,1.3532131,16.816665930848103,-2.1616426,0.0,0.042297933250665665,-0.7258314045611769,0,0.21976385,0,105,0.0,0.2580865,2100,1.1979665756225586,0.00794437024912773,-8.17229,0.1293497864625824,-1.8648016,0.28800477987277656,-0.006176783703267574,0.19508107,0,0.02609746064146748,-7.6626225,0.11755637,0.01148601282988446,5,0.57829094,0.0,-0.14222139098682576,0.020766989968251437,0.013245206326246262,0.13176721758264784,0,-0.29141968,1.5407927,20,0.09903273773088359,0.0,-0.5751030447913914,0.18526459,0.010102563700635074,0.0,0.21583215181170415,-0.18333347595708016,1.352454,0.1143226,-2.8444278197365156,-0.23224966,0.006398609751172223,-3.666669519141604,-4.0650997,3.830925049498697e-06,-0.85915214,2.4831378314973223e-136,0.1484995625104491,-1.9096136,20,0.015283303160697093,0.05053838334101027,0.9569631240672786,0.6416231172042899,-0.051526483,0,0.05694397436923795,6.082371373743413e-09,0.0,-0.72942835,0,0.07838765101041645,0.004366581406211481,0.055703624966554344,-1.066287,0.25944093,-0.5742843,0.027482779434950127,2.809076,0.008652687235735358,0.0,-0.85910577,0.7582087675930244,-1.7912049350996897,0,1.8455939379395392,0.004273138,0.0,10,9.209203677869836e-21,20.0,0.0,-0.7258314045611769,550,-0.0065349727,0.11540697510682027,0,0.14032420849996088,0.0,9.209203677869836e-21,-0.015475982099451358,0.0,0.07235243229402,1.0,0.026421545771317875,1.0,0.12018942438710584,0.0
0.15124089093794882,20,0.3197994201036636,50,3.503265,0,-0.19844572,-3.0692992881613623,0.63005465,0.74371874,-0.6645457353554679,1.9755254,-0.46647355,-0.13289648,0,-0.1079945,0.0,-0.12017777,0.30794322,0.79911935,0.34662669798126444,0.00832152311643359,0.27964243,-3.425736,-0.033326913,0,12000,0.0019608769,0,7.5621223,0.02105754055082798,0.6749627182668115,1.2021305960037705,0.15859239510363599,-0.016814638,0.15478097391387377,0.424166813262045,-5.799638,-0.048105683,-0.15845153,20.0,1.0836106068791419e-06,0.3854714926315065,20,-1.5615778346422373,-2.468562092480948,-0.7717484,0.0038721599,-6.614408002550975,-1.6070524,-0.86740696,0.27907157,-1.0,-0.0011282002,-2.524814,-0.19683345,16.398462037963327,-0.007590463,-0.04334148392081261,0.009580342126572026,0.13074581,0.24381453009791243,2000,1.053205,-1.0,5.505089049858787e-165,0.0,207.09770164109068,0.01130809198366478,1.0606282,16.90647758083651,-2.0177042,0.0,0.03718593716621399,-0.19815035057217756,0,0.11865083,0,110,0.0,0.13847718,2200,-0.10345011204481125,0.005688768826119148,-5.7896357,0.11141197969684824,-1.5811415,0.24827006725866962,-0.012919535860419273,0.19112793,0,0.024969895137019193,-5.9498396,0.122888155,0.008813140511832431,5,0.45842716,0.0,-0.12342810462404741,0.019995893992017955,0.01460053026676178,0.16138097746331487,0,-0.15582532,1.5257529,20,-0.06652266046137811,0.0,-0.2242370698017973,0.07132667,0.008085839119217895,0.0,0.0924604257471908,-0.07807889173211184,1.0537975,0.12777232,-2.468562092480948,-0.19209568,0.007534380875588206,-1.5615778346422373,-3.17956,1.3681099424367881e-06,-0.86740696,5.505089049858787e-165,0.13882433094497856,-1.589607,20,0.08949084251611777,0.05169492932800412,0.9506928909817565,0.3197994201036636,-0.0016148121,0,0.036989798230988816,0.1489369642699363,0.0,-0.42798695,0,0.07578566996380687,-7.298618382719723e-05,0.05429918895242736,-0.4796874,0.14460762,-0.23974538,0.03049515203957053,3.2587519,0.0023066681169439107,0.0,-0.8668297,0.5041751272220081,0.3936022429515094,0,1.6131641706064963,0.005051612,0.0,11,1.6678460600736793e-09,20.0,0.0,-0.19815035057217756,600,-0.003801236,0.07691652114230836,0,0.8664985109014862,0.0,1.6678460600736793e-09,0.038637304837720876,0.0,-0.020849278290713754,1.0,0.017877349161294413,1.0,0.09727191047905519,0.0
0.009723484668471177,20,0.43286306990194134,50,3.4204216,0,-0.06697702,-3.6513324486870227,0.5099545,0.49857426,-0.5555615654291775,1.7961752,-0.409647,-0.11091004,0,0.24832857,0.0,-0.09770169,0.28022075,0.67995673,0.3455431609763764,0.004664581907817275,0.27560535,-3.181332,-0.039324753,0,13000,0.0053284,0,6.2877145,0.006818723864853382,0.35289609379278125,0.7902164340409504,0.391604727287072,-0.0105429785,1.3392964577206004e-05,3.348241382535609e-05,-10.908404,-0.03424707,-0.19129868,20.0,7.594613079059134e-07,0.33399670651794977,20,-2.976089597561641,-1.7701611832019624,-0.3858446,0.006844662,-4.816525759933372,-1.6481551,-0.64744717,0.23304895,-1.0,-0.0010986023,-2.735569,-0.12074337,16.32742425001925,-0.029136358,-0.020563313737511635,0.008001830672573955,0.08642709,0.029117780029671754,2000,1.1524628,-1.0,7.091378695643854e-94,0.0,224.07194126601098,0.008840529015287757,1.1778072,16.836138991930056,-2.0895844,0.0,0.024928713217377663,-0.7732057994289789,0,0.1190223,0,115,0.0,0.1411231,2300,-0.8421549201011658,0.006820043533543394,-10.619885,0.08385492192707054,-1.643811,0.19742870551095182,-0.009530285373330116,0.15226436,0,-0.026010954928315188,-10.91317,0.09486466,0.012424651644557,5,0.6305537,0.0,-0.08850805916009813,0.01994456199463457,0.016043851152062416,0.08835214047704806,0,-0.16038057,1.255564,20,-0.05041081282109303,0.0,-0.47548819037360496,0.12884678,0.004143000656847543,0.0,0.21312312287674165,-0.1488044798780821,1.1725355,0.09314127,-1.7701611832019624,-0.18141155,0.003156371321011442,-2.976089597561641,-2.9552433,1.9406097363064894e-06,-0.64744717,7.091378695643854e-94,0.15001426634185233,-1.6554074,20,0.008094456394093293,0.06214890183772871,0.9816080515984836,0.43286306990194134,-0.002844501,0,0.07145750427211996,6.696484670945101e-06,0.0,-0.19065464,0,0.0781523299519904,0.0024675782028134564,0.05623415997251868,-0.78312963,0.060666878,-0.40961376,0.02692042677386353,2.1670587,0.0010324575923732482,0.0,-0.46108985,0.43595324378247646,-1.487757225192637,0,1.15014841655727,0.006702634,0.0,12,2.056295591333048e-18,20.0,0.0,-0.7732057994289789,650,-0.019969387,0.10196246753079552,0,0.19250465719458942,0.0,2.056295591333048e-18,-0.02735012506163912,0.0,0.004670288260260378,1.0,0.010299209503775091,1.0,0.09143956076991848,0.0
0.046665430449017144,20,0.5044477961200755,50,3.5243256,0,-0.045397975,-8.710760340379144,0.5748052,0.89970165,-0.7713781542587108,2.0126398,-0.9041499,-0.12275914,0,0.3833852,0.0,-0.14489181,0.40239787,0.7168589,0.356372224050574,0.01570658337922894,0.40086734,-3.346429,-0.065195106,0,14000,-0.05591871,0,7.391084,0.03345907852053642,0.9891379243895566,2.5266761840521785,0.4967223122926102,-0.013445032,2.6170765836116176e-15,6.542932832145107e-15,-10.73714,-0.106078625,-0.24460311,20.0,1.9091427969925536e-07,0.5062536576015615,20,-4.398838350174464,-3.0850986356119194,-0.57190037,0.0026093423,-10.113304039840614,-1.586408,-1.1199012,0.39068985,-1.0,-0.0036581112,-2.523774,-0.3553647,16.29285795701435,-0.020727213,-0.04195075482130051,0.015923674201412545,0.10281638,0.16753311006584923,2000,1.459706,-1.0,3.781581501763634e-190,0.0,240.997055307962,0.011568945948965847,1.4559343,16.80715320701711,-2.1536677,0.0,0.044985082000494,-1.0,0,0.22023137,0,120,0.0,0.23950645,2400,0.05090321600437164,0.009053934838605915,-10.7601795,0.14266795405010552,-1.5808618,0.34672499927604317,-0.03314368799328804,0.27685603,0,-0.08551799070646667,-10.716857,0.14432529,0.018747892956558068,5,0.6691816,0.0,-0.15425493178059593,0.01786692102905363,0.0178187508136034,0.12152882229359536,0,-0.26921853,1.5327555,20,0.08486713845412652,0.0,-0.8900110396929137,0.108614184,0.036721240233902296,0.0,0.32838761947816303,-0.2199419175087232,1.4601834,0.14500855,-3.0850986356119194,-0.35724425,0.020236818531032753,-4.398838350174464,-4.9023476,6.37487605531912e-07,-1.1199012,3.781581501763634e-190,0.16450208029487576,-1.5784122,20,0.09304835385446752,0.06183128470941591,0.986856881289325,0.5044477961200755,-0.0075582117,0,0.11670108769091724,1.3087797183796182e-15,0.0,-0.68430066,0,0.07453214906854555,0.001333234319172334,0.05395500990562141,-1.071529,0.26800966,-0.40487373,0.02989603885400758,2.5338764,-0.0009720213965920266,0.0,-0.8390151,0.5465683004987789,-1.595681830698766,0,2.341727363906412,0.003400834,0.0,13,7.698863234787776e-162,20.0,0.0,-1.0,700,-0.019153567,0.17947620649752735,0,0.9623570994980809,0.0,7.698863234787776e-162,-0.16822736337344396,0.0,0.03914696476903421,1.0,0.09355501821559505,1.0,0.09659886489395715,0.0
0.0487980053433432,20,0.2848941043484956,50,3.4297843,0,0.029330648,-4.667460475876301,0.38133392,0.895395,-0.8912957402517252,2.022415,-0.69342315,-0.119220056,0,0.30755234,0.0,-0.11725615,0.2101016,0.68731785,0.3490561220096424,0.004279673168560618,0.17401293,-3.3136654,-0.06148629,0,15000,-0.0056469846,0,4.408414,0.00729846116155386,1.382673914780463,1.0366652288129092,0.19802511604680564,0.005325656,0.014765348008723816,0.03788703326827568,-4.283915,-0.04597284,-0.111809626,20.0,1.3155555361808399e-06,0.4195285648037169,20,-2.788987600708775,-2.2834578859218535,-0.6590033,0.0031288676,-8.361039435965596,-1.446825,-0.93598545,0.20394865,-1.0,-0.0014017535,-1.7679739,-0.11930889,17.106065227882937,-0.011856641,-0.014545781537890434,0.01065101551988294,0.11776325,0.16527811355499578,2000,0.9856059,-1.0,8.160462640143449e-143,0.0,258.74872213380877,0.009404597978573292,0.99405044,17.624981276865583,-2.2554076,0.0,0.04476974904537201,-0.48945632079266943,0,0.15206689,0,125,0.0,0.15674739,2500,0.08952057361602783,0.004844284334165514,-4.2675266,0.1379175364333424,-1.4447038,0.2794210297464145,-0.006946083158254623,0.22781533,0,0.01723250539282162,-4.2780643,0.11819656,0.006943324090284645,5,0.5625531,0.0,-0.11417289429609266,0.02000964095350355,0.018422137945890427,0.11339670947928247,0,-0.16148971,1.3708981,20,0.09496302524412442,0.0,-0.34589918072365805,0.06380422,0.005016011912446937,0.0,0.12858296271411382,-0.13944938003543877,0.9915588,0.1193674,-2.2834578859218535,-0.22691318,0.004496927370376597,-2.788987600708775,-3.8642395,2.598628396295442e-05,-0.93598545,8.160462640143449e-143,0.18486792341242597,-1.453928,20,-0.012028885919676085,0.08769813495553759,0.9854660965209073,0.2848941043484956,-0.013590646,0,0.028325906788113826,0.010293733409726337,0.0,-0.15489176,0,0.0828310280921869,0.00397399546134693,0.057614659948740155,-0.7156105,0.03498194,-0.20839487,0.05973882939647775,1.9123051,-0.0010036589810624719,0.0,-0.4644142,0.6364562686579794,-1.614939213967333,0,2.113659116184399,0.001661114,0.0,14,1.7498470996826525e-13,20.0,0.0,-0.48945632079266943,750,-0.008000923,0.06289997236120533,0,0.9432171199515115,0.0,1.7498470996826525e-13,-0.023610739606374408,0.0,0.06131550550984092,1.0,0.013389317334187112,1.0,0.13898062008360546,0.0
0.2580420745142695,20,0.2555684116668999,50,3.3192267,0,0.0009128088,-4.022123766404065,0.47928175,0.9285351,-0.5581597039883988,1.9810779,-0.5468024,-0.07476503,0,-0.08582884,0.0,-0.108992845,0.33787692,0.6764031,0.3848158969776705,0.00901569108389237,0.3859992,-3.3496175,-0.07289104,0,16000,-0.0012944337,0,4.493331,0.020492076873779297,0.7980604659352944,1.0954815591226157,0.18949502708703156,0.0036612554,0.10429797618071798,0.21969826739170223,-4.748494,-0.054525048,-0.1920985,20.0,2.2011068135738776e-06,0.3726561134918655,20,-2.1127963853243164,-1.7681013767030656,-0.43820423,0.0023466465,-4.537760331005616,-1.3919661,-0.93166995,0.38902313,-0.8112430658939047,-0.0016672187,-2.4694889,-0.20238967,16.642390850989614,-0.0016672187,-0.013261650688946247,0.010305850278889138,0.08047185,0.30972242685980667,2000,0.9369309,-0.8112430658939047,8.128711864901533e-91,0.0,276.07563566585304,0.01052432699361816,0.9340396,17.1956730800448,-2.2520404,0.0,0.04642675444483757,-0.33830285593285225,0,0.14455168,0,130,0.0,0.17328358,2600,-0.07474720478057861,0.0044302533833443895,-4.799461,0.08842766270034136,-1.378055,0.23416996641703264,-0.015052670612931252,0.19525596,0,0.00013025992436382694,-4.736,0.10770298,0.006907443156864485,5,0.632565,0.0,-0.08840506883515327,0.021752821980044246,0.019245581701397896,0.14793872746214823,0,-0.19789533,1.5664762,20,0.058940390592417485,0.0,-0.34918742744918363,0.093230814,0.006241075458788702,0.0,0.1249431757083732,-0.10563981926621584,0.9335729,0.10652338,-1.7681013767030656,-0.22283393,0.008761852480869156,-2.1127963853243164,-2.973363,0.0002449371840341566,-0.93166995,8.128711864901533e-91,0.1905447022224483,-1.3921412,20,0.05837116533042889,0.08664891256715701,0.997459309415629,0.2871678586816415,-0.015706878,0,0.027980640423100004,0.08528003087940114,0.0,-0.5085305,0,0.07806594501016662,0.0018746340519282968,0.05812323809368536,-0.64667463,0.15715165,-0.30714065,0.058307872273066975,2.1628594,-0.0008888634503819049,0.0,-0.6583486,0.4842098475636695,-0.9846103079142414,0,1.169025320147412,0.0027718008,0.0,15,1.864326192420978e-19,20.0,0.0,-0.33830285593285225,800,-0.012338345,0.0878947083257458,0,0.9887800582680987,0.0,1.864326192420978e-19,0.00025931176801350373,0.0,0.029992242293594443,1.0,0.0160499570704705,1.0,0.12785247060890403,0.0
0.0676740185372992,20,0.4565159034682438,50,3.0421903,0,-0.016433481,-3.122052448009942,0.45425767,0.7248638,-0.4839004657917876,1.874932,-0.9589901,-0.08400461,0,0.18073916,0.0,-0.08534412,0.85548437,0.67531955,0.38840185798471794,0.007482744554763163,0.86685854,-3.3418832,-0.030086383,0,17000,-0.009285908,0,4.3444676,0.012765863910317421,0.4999888609614003,0.8010031522468143,0.23989370839465698,2.2753566e-05,0.31755009873747886,0.7946564420833042,-4.068229,-0.030107336,-0.3095742,20.0,1.4489959246315281e-06,0.36567747999238237,20,-2.0152272916641714,-1.8112806217036155,-0.7545562,0.0021318756,-5.1103295892141665,-1.1968331,-0.7400916,0.87492347,-0.6309223534772173,-0.0011375432,-1.9564058,-0.16771841,16.940501966048032,-0.0066887257,-0.023861542344093323,0.008999343167249893,0.11652899,0.16928903642048004,2000,0.89546514,-0.6309223534772173,1.2226393110151698e-69,0.0,293.7158362668706,0.01238770002964884,0.89073604,17.501791033078916,-2.1877725,0.0,0.036243192851543427,-0.4511582926788833,0,0.24607189,0,135,0.0,0.22860654,2700,-0.5032675266265869,0.00487284167864314,-4.0998993,0.08448696595113393,-1.1943741,0.22501591349217634,-0.012731808237731457,0.15975463,0,-0.029512081342436432,-4.1074834,0.08584059,0.009391855937182338,5,0.74178207,0.0,-0.09056403108518077,0.02084904204821214,0.01788455992937088,0.10133405826807587,0,-0.21010233,1.1973242,20,0.07323929707516072,0.0,-0.29305921095376986,0.3457753,0.013375616510168052,0.0,0.19792487405665457,-0.10076136458320858,0.8933144,0.08633422,-1.8112806217036155,-0.1981997,0.009601148864157746,-2.0152272916641714,-3.0234303,5.133230742810107e-06,-0.7545562,1.2226393110151698e-69,0.20464995366259803,-1.1922896,20,0.144608753296294,0.09474302739785578,0.9902369445222108,0.46181314799468964,-0.0104165105,0,0.03824123391194022,0.15956071699135205,0.0,-0.36059186,0,0.08290006697643548,0.00013286933462950402,0.056750399991869926,-1.1493646,0.12908804,-0.95747304,0.06049034588706769,2.485063,4.825857467949391e-06,0.0,-0.67970335,0.8477341887141587,-0.8563767572474601,0,1.296482098820826,0.0017657235,0.0,16,1.2619031070933996e-16,20.0,0.0,-0.3974096112360712,850,-0.01073,0.09069105946164004,0,0.8760960963755532,0.0,1.0767630185415358e-15,-0.10556562168858363,0.0,0.03661720069369972,1.0,0.034905655094471064,1.0,0.1832379347078146,0.0
0.0890224583627231,20,0.6724858217494329,50,3.1764662,0,-0.018813739,-2.6556954872386274,0.45004913,0.9359398,-0.6320956534041823,2.0420265,-0.80254453,-0.07155037,0,-0.18840355,0.0,-0.09048375,0.9338548,0.67025787,0.3715266609797254,0.012337171783298705,0.9153584,-3.2870736,-0.23091634,0,18000,-0.0017687667,0,4.867228,0.020247891545295715,1.0828258401323265,1.0308364868197122,0.4020200228419671,-0.0063256286,0.05262734632943536,0.1345031540179923,-3.079428,-0.09806744,-0.27592322,20.0,1.972580342773108e-06,0.31457554414651256,20,-1.7327508474038793,-1.753095562009715,-0.34115636,0.002021301,-5.0778225077850045,-1.1503907,-1.1333501,0.88488245,-1.0,-0.0014732587,-2.4134989,-0.34802145,16.804674667015206,-0.008815828,-0.030003810301423073,0.011908387805799841,0.082083695,0.19536902056823013,2000,0.826961,-1.0,8.698542270684667e-62,0.0,311.21081689500716,0.011797556013334543,0.8288914,17.341755140107125,-2.2508855,0.0,0.04679698869585991,-0.7863754710415378,0,0.1826583,0,140,0.0,0.21979569,2800,0.16711410880088806,0.007888977404522135,-3.1344528,0.08802201697291939,-1.1544114,0.19251096388640396,-0.011946367099881172,0.25848207,0,-0.0022664385488283755,-3.1527076,0.10547325,0.020269263207852068,5,0.6599756,0.0,-0.08765477810048575,0.018794114992488176,0.01877826452255249,0.10450190366472493,0,-0.2515204,1.4246023,20,0.0060444874091285785,0.0,-0.24199942495791774,0.18444502,0.013275742620584889,0.0,0.2395704051699748,-0.08663754237019397,0.8255892,0.11891985,-1.753095562009715,-0.24146134,0.012262781459663138,-1.7327508474038793,-2.7878594,2.0156794424574614e-05,-1.1333501,8.698542270684667e-62,0.2013416072352692,-1.1595852,20,0.08406368786660454,0.09650599833088656,0.9805543896292265,0.6724858217494329,-0.00864739,0,0.11248363240422224,0.029885010563017633,0.0,-0.4191726,0,0.07788418605923653,0.0038191621495207075,0.05707795504713431,-0.9380706,0.062866814,-0.59875184,0.09891390041759726,2.5984256,0.0020330125000327824,0.0,-0.6000762,0.800939970047567,0.2141182256268694,0,1.3763273003837557,0.002050596,0.0,17,3.3026723627219226e-27,20.0,0.0,-0.7863754710415378,900,-0.0019354689,0.07484672049409627,0,0.9119687992712734,0.0,3.3026723627219226e-27,-0.03654136638214141,0.0,0.023970171917000415,0.8861992481979541,0.03709544189345485,0.8861992481979541,0.19543659623240953,0.0
0.04158789382756466,20,0.6202864343504189,50,3.0270038,0,-0.015159079,-3.4756224472090933,0.40680045,0.71350294,-0.6865184117842428,2.0181441,-0.32046244,-0.069194995,0,-0.2008465,0.0,-0.08789821,0.8372029,0.61746657,0.413956186035648,0.007553222556417273,0.84296185,-3.289859,-0.069261886,0,19000,-0.008104398,0,4.2795625,0.012487185187637806,0.7370742842196677,0.4627233725859292,0.42087685382100815,0.0012276295,5.18615846538086e-11,1.3390525175185172e-10,-4.0809813,-0.09067442,-0.17347734,20.0,1.7048976213286872e-06,0.36439601306061764,20,-2.7592576836617844,-1.643246747177251,-0.3896055,0.002878678,-4.388733932396532,-1.0460424,-0.72169197,0.876071,-0.8553291520001949,-0.001220507,-2.808154,-0.19490238,16.932607204071246,-0.003698892,-0.027216702699661255,0.009410843420909894,0.08154861,0.14206112851574676,2000,0.848696,-0.8553291520001949,1.441607491233827e-84,0.0,328.8860367760062,0.011246689013205469,0.8475586,17.51666926505277,-2.3116646,0.0,0.03567514568567276,-0.8519327030226123,0,0.087863795,0,145,0.0,0.10796959,2900,0.07283591479063034,0.005574818564771391,-4.041288,0.09416971016513973,-1.030667,0.2282534580600859,-0.01384065579622984,0.17276184,0,-0.004026199320937849,-4.0379367,0.09108375,0.009692627323841805,5,0.3213902,0.0,-0.08216233735886254,0.01795030100038275,0.01806330680847168,0.10341700936677821,0,-0.12540407,1.2442896,20,0.019614287568812755,0.0,-0.33869082201126977,0.08330743,0.006394132208877029,0.0,0.2306733183991546,-0.13796288418308922,0.84534574,0.09417759,-1.643246747177251,-0.20348275,0.0069640728171529356,-2.7592576836617844,-2.6920314,0.00020800164555745228,-0.7438564,1.441607491233827e-84,0.2083568723807801,-1.0399749,20,-0.026325545081695746,0.09777688420355705,0.964944427599449,0.6202864343504189,-0.008408254,0,0.04004269358338621,3.373493675561764e-11,0.0,-0.29873767,0,0.0819657378597185,0.000707723327432177,0.058943147072568536,-0.45385882,0.08937991,-0.29313195,0.08595798479079823,2.1833568,-0.0006468880485044793,0.0,-0.670696,0.9627218020414667,-2.0809407723714846,0,1.262956748047208,0.001645781,0.0,18,2.0052829619435052e-30,20.0,0.0,-0.8519327030226123,950,-0.010600979,0.06341019612260372,0,0.9382122018649225,0.0,2.0052829619435052e-30,-0.027801318795718545,0.0,0.0114340398987365,1.0,0.0189599536638445,1.0,0.2087915937347655,0.0
0.08223389407245214,20,0.3877567140152678,50,2.962071,0,0.024816044,-2.3197224960909906,0.40728587,0.7282323,-0.810656113938931,1.9512548,-0.46700764,-0.061109204,0,0.16714847,0.0,-0.07135987,0.6752734,0.67861587,0.3536064210347831,0.013120798141381914,0.6649399,-3.3994617,-0.08627879,0,20000,0.008931115,0,4.7340174,0.04396229609847069,1.0907004003128733,0.4999981806902185,0.18091979928235605,0.0008306634,0.1573406350087172,0.3997302590050556,-3.3741837,-0.10454627,-0.17552081,20.0,9.712381885409798e-07,0.3622887419270696,20,-1.6669502550631492,-1.6687765399415764,-0.2980177,0.0015894568,-9.24045791390605,-1.0264852,-0.85692203,0.67981195,-1.0,-0.00069032464,-1.9681425,-0.25965923,16.940126360044815,-0.009092547,-0.019878705963492393,0.008982622725231426,0.058121875,0.18981866081231583,2000,0.8026289,-1.0,1.5839600731444116e-85,0.0,346.5078530810424,0.011652592977043241,0.8039814,17.464366610045545,-2.2493324,0.0,0.03641161695122719,-0.16964249673765153,0,0.14060123,0,150,0.0,0.14051613,3000,-0.19767098128795624,0.0051275964776568116,-3.3648143,0.10994853495311828,-1.0493708,0.22442973540014807,-0.004113344009965658,0.19000658,0,0.0715623554196145,-3.3424032,0.07791958,0.011817403704165496,5,0.87924594,0.0,-0.08343882699707882,0.02077231096336618,0.01734207198023796,0.16744768800607598,0,-0.14099783,1.3288034,20,0.07565652816771717,0.0,-0.25806475082098773,0.07214475,0.003259675290429293,0.0,0.12201295719068604,-0.08334751275315744,0.80832636,0.083976604,-1.6687765399415764,-0.19031836,0.0031733262800133374,-1.6669502550631492,-3.067887,3.0852313063077674e-05,-0.85692203,1.5839600731444116e-85,0.16685109165461645,-1.0316136,20,0.017139511295563528,0.06267400025351662,0.9982860445074204,0.3877567140152678,-0.0057013948,0,0.06518599249469062,0.08579044277006752,0.0,-0.8793408,0,0.08054282999364659,0.0031172041028548845,0.05766609503189102,-0.8793408,0.3100051,-0.30083552,0.06223333534953203,2.2124836,0.005679107709147502,0.0,-0.39757413,0.9032668817377911,-0.7720157599042264,0,1.637176063505113,0.0011055393,0.0,19,3.2081258007017e-08,20.0,0.0,-0.16964249673765153,1000,-0.016263897,0.05018131568487778,0,0.9672698734385683,0.0,3.2081258007017e-08,0.1227227356264848,0.0,0.05055390377856861,1.0,0.008614093799909593,1.0,0.1755417614681385,0.0
0.13009214950125042,20,1.0,50,3.0281262,0,0.002958063,-7.657068503014942,0.452459,0.7583501,-0.8184152852573661,1.9743807,-0.5951916,-0.06227285,0,0.12137723,0.0,-0.077563405,0.41711247,0.6938674,0.37224422697909176,0.009523481461356845,0.39729935,-3.22831,-0.04318403,0,21000,0.007983421,0,6.016654,0.015002818778157234,1.5524951093294503,2.9435425040782137,0.40148896083652447,-0.007907096,0.23520521385185675,0.52916673700012,-3.1195965,-0.05251874,-0.29178363,20.0,2.158224756312539e-06,0.3330286739552988,20,-3.9807017912394578,-1.6521109333925228,-0.25113174,0.0014962056,-8.451514169838413,-1.0570879,-0.82297456,0.40488568,-1.0,-0.0015600635,-2.323241,-0.23580535,17.142701380944345,-0.012371788,-0.020146839320659637,0.009635993504445007,0.059565824,0.23595397723213038,2000,0.8152745,-1.0,4.561417714850117e-122,0.0,364.3659683620208,0.01177880197064951,0.81335646,17.687788752955385,-2.2665968,0.0,0.03791750222444534,-0.6029870092461351,0,0.17493731,0,155,0.0,0.19386873,3100,-0.10342342406511307,0.006201375017823998,-3.112322,0.11698826731397236,-1.0567226,0.2149320856154861,-0.01642964594066143,0.17501149,0,0.04484098556891695,-3.1142526,0.08430173,0.011051127853109431,5,0.5258808,0.0,-0.08260554666962613,0.021043726010248065,0.01766352541744709,0.17923337588290586,0,-0.21141092,1.5047363,20,-0.0625763189283748,0.0,-0.6558646072335289,0.27763376,0.0037945467180629023,0.0,0.28192568357630693,-0.19903508956197288,0.8152997,0.09122788,-1.6521109333925228,-0.21587206,0.003085432022018219,-3.9807017912394578,-4.6657867,1.2413486540399969e-05,-0.82297456,4.561417714850117e-122,0.2501430711589135,-1.0808964,20,0.12042999473513455,0.14107819814331993,0.994989914921668,1.0,-0.007058955,0,0.05170944529239146,0.19156721104158095,0.0,-0.40077618,0,0.08279272896470502,0.001919593880265893,0.05722788808634505,-0.80543166,0.13022125,-0.80543166,0.11788772000743764,2.3766232,7.387163350358605e-05,0.0,-0.5630638,0.771347583860368,0.020710643008637557,0,1.894425191135792,0.0019065342,0.0,20,4.925896813879832e-118,20.0,0.0,-0.6029870092461351,1050,-0.0016131968,0.17266128523432572,0,0.9551409851219361,0.0,4.925896813879832e-118,0.09992284261024906,0.0,-0.01951595197419374,0.9589382182457484,0.008556643685239253,0.9589382182457484,0.21518371047008375,0.0
0.1652428391188957,20,0.4061110120383091,50,2.9148269,0,0.035381027,-2.6208184018994936,0.4366179,0.91091615,-0.6553024275639752,1.9396042,-0.42865643,-0.100237265,0,0.19725746,0.0,-0.09286122,0.21927163,0.7049013,0.39369814400561154,0.008784121785883895,0.2518022,-3.4298177,-0.034964252,0,22000,0.0011044884,0,6.1737347,0.026028890162706375,0.49674181108124504,1.5591737989425904,0.24735351004082265,0.0060793012,0.17756212359179516,0.42152522975200324,-3.0248559,-0.029226465,-0.09039455,20.0,1.1032665543949798e-08,0.36381247927908383,20,-0.8064907001334255,-1.7621392743797546,-0.8211323,0.0011320878,-10.323836828183449,-0.9904472,-1.3351941,0.20950142,-1.0,-0.0021786196,-2.2435741,-0.19497488,17.618407114001457,-0.0054374225,-0.04881022125482559,0.012244319181648361,0.1585757,0.20704633818287943,2000,0.7678846,-1.0,1.0358793908061231e-166,0.0,382.73019699100405,0.011483611015137285,0.7716351,18.187402114039287,-2.2240386,0.0,0.04554580897092819,-0.2542124930769205,0,0.088463835,0,160,0.0,0.10240848,3200,-0.2437533587217331,0.005168307274025051,-2.9912639,0.10904240491675284,-0.9984138,0.23498523171553473,-0.005199257284402847,0.27639747,0,0.04049160130278324,-3.0437062,0.12531973,0.01041146956880228,5,0.5205778,0.0,-0.08810696371898773,0.018736578000243753,0.017666103318333626,0.10246336691635519,0,-0.114680365,1.4937998,20,0.10822930969350636,0.0,-0.21800733138341818,0.033833086,0.011211257814534732,0.0,0.1474427666213843,-0.040324535006671276,0.76989365,0.15119782,-1.7621392743797546,-0.23458312,0.0073920063473922075,-0.8064907001334255,-4.398116,8.867346785094408e-06,-1.3351941,1.0358793908061231e-166,0.1799111887058187,-0.99170226,20,0.16342694141050854,0.08369152700666077,0.9844757774790291,0.4061110120383091,-0.008952448,0,0.04116777656300642,0.1528190123772112,0.0,-0.52603924,0,0.08589744806522503,0.00378914719200111,0.05917921895161271,-0.52603924,0.18003781,-0.12579565,0.13551873442230533,2.3831997,0.003297762435977347,0.0,-0.97620445,0.939600497113911,1.4621766628359532,0,1.8321745434342531,0.001504221,0.0,21,6.751661088221601e-11,20.0,0.0,-0.2542124930769205,1100,-0.0136762485,0.09092100217874974,0,0.98683541496958,0.0,6.751661088221601e-11,0.049005936556204686,0.0,0.05950761547062211,1.0,0.029409041591920877,1.0,0.2601727985612501,0.0
0.17728172460783187,20,0.36622207354957936,50,2.9642663,0,0.008826203,-2.7828060266286427,0.47474337,0.9579892,-0.6297534399772237,1.9755099,-0.2671132,-0.0801148,0,-0.15329033,0.0,-0.101732075,0.5897551,0.64773345,0.3801432570326142,0.004735644227483675,0.6074585,-3.1816387,-0.057409875,0,23000,0.0002079256,0,7.1986,0.01437337975949049,1.1367665118214556,1.3171624536002835,0.19094559229952787,-0.00021435237,0.2621207145243277,0.6778726034002033,-2.9168525,-0.02660342,-0.07515736,20.0,4.873098340278165e-07,0.3355328170076567,20,-1.3649597838092504,-1.6191251093085464,-0.33381772,0.001810994,-8.133172634262555,-0.99985206,-1.3750904,0.5977754,-1.0,-0.0023789227,-3.1044452,-0.12321383,16.82681070099352,-0.0051954254,-0.0493236780166626,0.013417674747802802,0.089674465,0.2894988969928143,2000,0.7279384,-1.0,2.0604206392064646e-143,0.0,400.30968552292325,0.011509574018418789,0.7425047,17.37766000890406,-2.2298667,0.0,0.04789946228265762,-0.20670158421853557,0,0.06767064,0,165,0.0,0.09144824,3300,-0.09893979132175446,0.003762046730534022,-2.8706417,0.10915057150796803,-1.0026202,0.23985463728119719,-0.0033632859122008085,0.284975,0,0.056734417976458645,-2.939986,0.12155899,0.00666415156942529,5,0.29207855,0.0,-0.08095625546542733,0.021788027952425182,0.017595937475562096,0.14118706822764213,0,-0.1102104,1.4115533,20,0.04562888326735433,0.0,-0.23603367635905104,0.058581583,0.007035932341724856,0.0,0.12809714961985622,-0.06824798919046252,0.74041927,0.13857795,-1.6191251093085464,-0.2713647,0.004756242157600681,-1.3649597838092504,-3.1763613,4.275943108758804e-05,-1.3750904,6.414234240060642e-174,0.20346616254586314,-1.0155361,20,0.10736728110049099,0.103853830736539,0.9942542574697045,0.36622207354957936,-0.006715242,0,0.032360618240737014,0.17504333818335618,0.0,-0.28866923,0,0.08009246189612895,0.003678033213291201,0.057315987010952085,-0.33174795,0.088659465,-0.18772079,0.10841937104972091,2.127626,0.0025251452840166166,0.0,-0.98647356,0.8823762111646365,0.5143579902703143,0,1.8474647629901577,0.0018026783,0.0,22,1.9682304401567672e-05,20.0,0.0,-0.20670158421853557,1150,-0.017792393,0.0807046722215504,0,0.9811852131846424,0.0,4.519340232579054e-05,0.1003612247051933,0.0,0.03907096213088012,1.0,0.018744225847188618,1.0,0.22783580232144848,0.0
0.06106965821172845,20,0.9485514180269092,50,2.8504393,0,0.0002687159,-3.7478104471158065,0.45007136,0.8877592,-1.1596643725928695,1.844137,-0.9331401,-0.06518752,0,0.26837415,0.0,-0.07626071,0.6194562,0.7107811,0.3969838009797968,0.015507474135646715,0.6370649,-3.2163072,-0.065771684,0,24000,-0.010441027,0,5.799551,0.008662952110171318,0.8662482479647927,0.9828117554759374,0.46996140661773156,0.0076432,0.003221215846657337,0.00820230571487211,-2.8279734,-0.07365949,-0.16223332,20.0,5.487893562044026e-07,0.2965528095251354,20,-2.483934747981998,-1.8219624889851231,-0.4994715,0.0015969987,-16.40894161695263,-1.0205171,-0.89640975,0.6513511,-0.862362898682477,-0.0009784694,-2.1788328,-0.28925914,17.02181909000501,-0.0013475975,-0.034697141498327255,0.008855939511493015,0.081864856,0.1748984300174561,2000,0.7814002,-0.9980531963519752,5.151645909418431e-150,0.0,418.0967954250518,0.012000009010080248,0.791727,17.594463476038072,-2.2406785,0.0,0.04438795894384384,-1.0,0,0.185202,0,170,0.0,0.17519234,3400,-0.6166214942932129,0.005582398029599236,-2.7956269,0.1443194497868095,-1.0086217,0.1947191255138033,-0.04529004544019699,0.19804494,0,-0.0030899477091952576,-2.8280172,0.085447565,0.011554656100419494,5,0.7614966,0.0,-0.09109812444925616,0.02135487599298358,0.019119450822472572,0.11391023586330225,0,-0.16523609,1.5616537,20,0.08271795085071744,0.0,-0.2484935230537625,0.110946044,0.0055574487231729265,0.0,0.35106782951693993,-0.12419673739909994,0.79403496,0.094359495,-1.8219624889851231,-0.1640602,0.004533774766466092,-2.483934747981998,-8.1973295,0.0004308637607303054,-0.89640975,6.738269119382272e-166,0.18382972183819757,-1.0187856,20,0.034110671454900064,0.08179300877004252,0.995356116079219,0.9787077058572322,-0.0028656046,0,0.06645869239115387,0.0017834061907741178,0.0,-1.0007184,0,0.08377080905484036,0.0020601633666956333,0.05853489099536091,-1.0007184,0.35795334,-0.37051043,0.12692370294411723,2.256486,-0.004926461854483932,0.0,-0.7129114,0.8825080032815636,-0.9901722017987951,0,2.4869309084571385,0.002330313,0.0,23,1.4527006642881822e-161,20.0,0.0,-1.0,1200,-0.004570874,0.06578000691668058,0,0.8983444099103468,0.0,1.1362450743608623e-156,0.05673089606098074,0.0,0.03778800577647576,1.0,0.015467564049138663,1.0,0.2516499135141355,0.0
0.0660776117812698,20,1.0,50,3.0443766,0,-0.0033241261,-4.52413598573221,0.36195388,0.9861245,-0.321808645951726,2.0375862,-0.717825,-0.042242765,0,-0.18651146,0.0,-0.064010076,0.67542064,0.65359503,0.4324158700183034,0.011115823469835437,0.70703655,-3.256319,-0.034973174,0,25000,0.0012045568,0,4.620166,0.01111547090113163,1.1517670097099155,1.511728968137695,0.3748734912459964,0.000118364456,0.08543412825069303,0.2204305523060406,-2.7785265,-0.15085986,-0.18815136,20.0,2.5855374301974744e-06,0.22527829890955375,20,-2.4516130147482285,-1.4135756870950655,-0.35943875,0.0019759368,-3.4454755588154384,-0.9917507,-1.1758322,0.6470929,-0.6385353670921177,-0.00075395533,-1.9519943,-0.23139903,17.722828903060872,-0.002893381,-0.014321444556117058,0.01063274803366782,0.058039386,0.14599162988415662,2000,0.7499456,-0.6567348159733228,1.1838107814737147e-16,0.0,436.63051720819203,0.013165005017071962,0.73508996,18.33627712307498,-2.3208144,0.0,0.049306225031614304,-0.3547405309509486,0,0.14737745,0,175,0.0,0.16075292,3500,0.14911890029907227,0.007160376343103663,-2.806597,0.06570973087479619,-1.0212393,0.13507883873012186,-0.027272533625364304,0.2643954,0,-0.004113490583695239,-2.7649698,0.08566368,0.013519139731666931,5,0.45121205,0.0,-0.07067878435475328,0.022859299962874502,0.018930409103631973,0.12027543278282617,0,-0.17310631,1.4731772,20,-0.0035989411103662405,0.0,-0.45826367442691734,0.049062885,0.00015088324494700215,0.0,0.22214638893832045,-0.1225806507374114,0.7463333,0.102855586,-1.4135756870950655,-0.17607464,0.00014074054444533518,-2.4516130147482285,-5.464907,1.957510410331689e-06,-1.1758322,1.1838107814737147e-16,0.20460113230850352,-0.982312,20,0.028801300560175033,0.09943030936189676,0.9751153788163179,1.0,-0.006687514,0,0.052982503770394436,0.05348390692071368,0.0,-0.68314815,0,0.08418616402195767,0.0036164404834835295,0.06082188099389896,-0.7178311,0.2367467,-0.27948853,0.13181800454886697,2.087704,-0.003664913563989103,0.0,-0.7670601,0.9431711948751387,-0.1870733128964724,0,1.0122394881088672,0.001009086,0.0,24,3.6810248154923425e-72,20.0,0.0,-0.3416901878081262,1250,-0.015858406,0.0876594579687465,0,0.7823174680536534,0.0,3.6810248154923425e-72,-0.0004112118956982158,0.0,0.003716894967079867,0.5413887200702447,0.0004140960063989679,0.5413887200702447,0.2738754159698125,0.0
0.0477732020280796,20,1.0,50,3.0454607,0,0.060503315,-3.4447815290398016,0.38728312,0.53130734,-0.6745185705923002,2.056232,-0.85456663,-0.06704432,0,0.0005123615,0.0,-0.0781546,0.35074866,0.6881282,0.44039385998621583,0.010302280127892076,0.34607902,-3.1965168,-0.054019388,0,26000,-0.010989738,0,4.1823106,0.03290770575404167,0.9362256434230187,0.8523446750226986,0.3857554108131374,0.0015135265,0.055486394504344734,0.13872547008992986,-2.7771933,-0.022655046,-0.13300449,20.0,1.4057727928508547e-06,0.2810732891773782,20,-2.472294459959924,-1.4844347932589608,-0.35591722,0.0009657089,-5.828179742814203,-0.99579954,-1.1662146,0.3474173,-0.9337249733507633,-0.000185342,-1.6476028,-0.24472868,17.47958889300935,-0.007249641,-0.04476427659392357,0.010745657103371956,0.078733794,0.16417032964896008,2000,0.7074514,-0.9337249733507633,8.579424064227659e-91,0.0,454.9183601550758,0.010059332998935133,0.70938754,18.086457522935234,-2.2799945,0.0,0.026565367355942726,-0.46069318174704676,0,0.19812779,0,180,0.0,0.21038379,3600,0.2223944067955017,0.007455711258561308,-2.775529,0.09120673183923776,-0.99444234,0.17518072809541593,-0.003414261620491743,0.23264927,0,0.08499174078676788,-2.7972958,0.09010324,0.013409661285570558,5,0.6795284,0.0,-0.07422173966294804,0.019887559989001602,0.019155079498887062,0.11992661096653047,0,-0.22250752,1.3222783,20,0.05781574311763052,0.0,-0.2725856002122504,0.074428834,0.028953061442895636,0.0,0.22265023592114888,-0.12361472299799622,0.7137816,0.10066591,-1.4844347932589608,-0.1959386,0.015292350651965858,-2.472294459959924,-4.1677046,4.287128791415312e-06,-1.1662146,8.579424064227659e-91,0.17484330941317988,-0.9929598,20,-0.00650235643485568,0.08321915274819436,0.9898749325643683,1.0,-0.009047555,0,0.0710635462553592,0.027752684893410363,0.0,-0.659065,0,0.07826859597116709,0.0004217469425930176,0.058259280980564654,-0.85925627,0.21914178,-0.25245565,0.06780130974785528,2.4122295,0.005362564043025486,0.0,-0.89528555,0.8722220365503599,-1.4101825408634028,0,1.4486477178654162,0.0011755296,0.0,25,2.0083297787750618e-77,20.0,0.0,-0.46069318174704676,1300,-0.004592617,0.062184585203195746,0,0.9318095197473705,0.0,2.0083297787750618e-77,0.10658551217375134,0.0,0.029355064128223033,1.0,0.0731518255382926,1.0,0.16117998350095483,0.0
0.07588215219242428,20,0.914882569690235,50,2.9183536,0,0.00030721026,-3.2256302563837838,0.32703924,0.8654748,-0.44011964121657354,2.002031,-0.35031936,-0.06306332,0,-0.1485703,0.0,-0.064100906,0.3812483,0.62099504,0.3790141200297512,0.006225373274320366,0.4088949,-3.1925716,-0.041998394,0,27000,0.0035836333,0,4.9812865,0.014909791760146618,1.609122928826923,1.159287685561214,0.3306063549367535,0.0045345337,0.3985040487358267,0.9969619299665964,-2.842658,-0.019685782,-0.082901716,20.0,1.2242484392914053e-06,0.2819602005747628,20,-2.1087989079536156,-0.8467128197559995,-0.5327726,0.0012968229,-4.301497311005645,-0.9149189,-0.9323758,0.37825865,-0.43470435769631877,-0.0005392771,-2.0914805,-0.14037214,17.572435314999893,-0.0046134805,-0.039079975336790085,0.009860951313524016,0.09553415,0.20100036516708442,2000,0.7117063,-0.43470435769631877,3.4250229956002345e-75,0.0,473.2485401381273,0.011808349983766675,0.713814,18.12744257808663,-2.3054864,0.0,0.04327373951673508,-0.22126007423503324,0,0.09369287,0,185,0.0,0.10498907,3700,0.008009009063243866,0.0065860715283644275,-2.8307865,0.07970023202239125,-0.9204272,0.17414280218896624,-0.008984668180346489,0.20960888,0,0.05791439662812991,-2.8799446,0.07506934,0.011695447646934112,5,0.48453617,0.0,-0.042335640987799975,0.019804992014542222,0.019379451870918274,0.14454738614933244,0,-0.11529414,1.4052836,20,0.03901951712594396,0.0,-0.27488070470373505,0.057623032,0.009108097390515657,0.0,0.1948296898745347,-0.10543994539768077,0.7062266,0.08487053,-0.8467128197559995,-0.18668173,0.009204150258276264,-2.1087989079536156,-4.2720337,1.8617277615638273e-05,-0.9323758,3.4250229956002345e-75,0.2467859849449305,-0.9232336,20,0.07447734016228157,0.1412806081487234,0.9798130116890728,0.914882569690235,-0.003992995,0,0.07112747671286433,0.19995606438919794,0.0,-0.34815294,0,0.08697618305450305,-0.001115387113095494,0.05740361800417304,-0.48854908,0.10674899,-0.17596206,0.14461269364142654,1.9780666,0.00034544159279903397,0.0,-0.7815995,0.9441801134837389,-0.10730901432762734,0,1.3446384221169139,0.001276914,0.0,26,1.3215482036137856e-31,20.0,0.0,-0.22126007423503324,1350,-0.010766264,0.07055934378811667,0,0.9969619299665964,0.0,1.3215482036137856e-31,0.1191534805977426,0.0,0.012997566388356759,1.0,0.021855887753152854,1.0,0.2175765084292371,0.0
0.06110185674281544,20,1.0,50,2.8899007,0,-0.0026980336,-7.025463269347407,0.33226016,0.63065463,-0.4419907070601563,1.9265878,-0.5350017,-0.05089469,0,-0.38331807,0.0,-0.08740256,0.38440844,0.6390825,0.3946532179834321,0.007209391244083998,0.36702073,-3.2815223,-0.061206575,0,28000,0.0039012718,0,5.9789915,0.015927676111459732,1.9991403219175523,2.1934409587124297,0.3623223032177305,0.0036874888,0.25514370397777786,0.6378593265072514,-3.2298672,-0.026769178,-0.095267385,20.0,2.8795819533797765e-06,0.34555022194326895,20,-3.439582283785896,-1.6775510449185265,-0.26899067,0.0025503007,-6.708249059970671,-0.98960286,-0.99471176,0.37801254,-0.5524656299530761,-0.00081252074,-2.2596817,-0.17028813,16.988641004951205,-0.0014603358,-0.04802068695425987,0.013180519441486743,0.062088907,0.17756933077444564,2000,0.754887,-0.5524656299530761,7.389227331399719e-60,0.0,491.0193395491224,0.011375255999155343,0.7466602,17.5489709880203,-2.2484102,0.0,0.03153273090720177,-0.3326636067358777,0,0.14150208,0,190,0.0,0.15144227,3800,-0.28901606798171997,0.007950781776596673,-3.1940708,0.09017641023859879,-0.97101104,0.23377376044215875,-0.01222306489944458,0.26051155,0,0.1301926761447612,-3.2550118,0.10396928,0.015535527134828864,5,0.6252386,0.0,-0.08387755224592633,0.017975105030927807,0.019482843577861786,0.1580646079747849,0,-0.16086367,1.4316036,20,0.00475553262570429,0.0,-0.515767297602626,0.07763338,0.007348984578952492,0.0,0.28168906339010297,-0.1719791141892948,0.7557316,0.11835207,-1.6775510449185265,-0.26844287,0.007949804537927267,-3.439582283785896,-3.8142357,0.0001235855223142226,-0.99471176,8.290444377051671e-63,0.2225148709236042,-0.9670559,20,0.050368764121145895,0.10216952224795933,0.9969306899515171,1.0,-0.0020544343,0,0.07948966588265013,0.1275719185517373,0.0,-0.35120362,0,0.07996182300848886,-0.0010879868320989772,0.05636458104709163,-0.6262332,0.121447176,-0.23744375,0.13207268376628414,2.122801,0.0016459059457702096,0.0,-0.96041375,0.9609905285485513,-0.4766435206126217,0,1.4916140891506595,0.0023504084,0.0,27,1.9381154312308978e-70,20.0,0.0,-0.3326636067358777,1400,-0.01170296,0.1271612846549448,0,0.8661288329572158,0.0,1.4746240042595924e-44,0.18604725730401697,0.0,0.003803244140686388,1.0,0.01961000419225495,1.0,0.26471340617317224,0.0
0.02241567165630225,20,0.5843522680224851,50,3.1389728,0,-0.063571185,-10.306983374454818,0.41623762,0.4236758,-0.3777641853101085,2.122004,-0.5346065,-0.054579526,0,-0.13295573,0.0,-0.061280873,0.87777895,0.63939404,0.37490294000599533,0.009192454504007757,0.88185453,-3.3227732,-0.04856409,0,29000,0.0050015785,0,6.506936,0.014981153421103954,0.7811602106136508,2.9887928017759773,0.49481120868074907,0.004303653,0.003473428929258904,0.008683572323147261,-3.336731,-0.043063167,-0.18993255,20.0,1.2514184914694293e-06,0.30374030008864067,20,-4.797823868109924,-1.4382829203925402,-0.3218945,0.00184111,-3.5631289235405967,-1.0276723,-0.91511536,0.87330955,-0.8386102568474598,-0.0015553017,-2.3366985,-0.22446068,17.806905025965534,-0.004948725,-0.041963256895542145,0.00951930014120839,0.056979086,0.06384982165505226,2000,0.7787442,-0.8386102568474598,5.225263610247899e-62,0.0,509.5818097871961,0.011021732992958277,0.7758062,18.34995336702559,-2.3303664,0.0,0.01891559734940529,-1.0,0,0.17198098,0,195,0.0,0.19799525,3900,0.4699726700782776,0.0037988258422466314,-3.3472588,0.06736720033133509,-1.029516,0.18598821006088853,-0.020905375480651855,0.20331088,0,-0.12018311498772163,-3.3869538,0.07116775,0.006619747473593211,5,0.85741866,0.0,-0.07191414601962702,0.01896415196824819,0.021256139501929283,0.1318414062070495,0,-0.22108103,1.3485965,20,-0.015760587397407873,0.0,-0.8209104337046016,0.076376624,0.015064591651084855,0.0,0.31085388652802853,-0.23989119340549622,0.77070594,0.08007119,-1.4382829203925402,-0.19023328,0.007740487819046897,-4.797823868109924,-2.857224,4.80954205960649e-05,-0.91511536,5.225263610247899e-62,0.1953441332853795,-1.0295005,20,0.008356949332729947,0.08845391668175764,0.9960224803435413,0.5843522680224851,-0.0037056194,0,0.03099248596737393,0.0017367144646294528,0.0,-0.4221538,0,0.07928994600661099,-0.0025075762385131386,0.058869570086244494,-0.8684005,0.13128194,-0.2532832,0.061310664048880074,2.3459916,0.00014391336881089956,0.0,-0.83926517,0.6732241932354708,-1.4897689922713713,0,0.9994399384589021,0.0011627835,0.0,28,2.9457187877811923e-106,20.0,0.0,-1.0,1450,-0.030052368,0.18822584741211093,0,0.3695729145792744,0.0,3.025445270783735e-101,-0.2267812689566199,0.0,-0.023475885441286853,0.797854344244115,0.03786676632322391,0.797854344244115,0.1595004717256683,0.0
0.06973274491603344,20,0.7919612414843868,50,2.9897172,0,-0.021093633,-3.5633631395727936,0.38350776,0.52697194,-0.6049276824265593,2.0386992,-0.45522064,-0.030967455,0,0.067291856,0.0,-0.06473168,0.81722933,0.69162667,0.3655403800075874,0.014975820489355822,0.7921186,-3.39127,-0.14522673,0,30000,0.0075696157,0,4.5980787,0.031863924115896225,1.1114924654483347,0.993410953758783,0.45717464965254767,0.0005595117,7.388902959803695e-05,0.00018474030339601718,-3.1350057,-0.04849252,-0.14287388,20.0,7.330191840059115e-07,0.29441567314772776,20,-2.442873385431787,-1.443024823448446,-0.17204563,0.0013071138,-6.086123456341134,-0.9521296,-0.9423292,0.79194427,-1.0,-0.0012369482,-1.8086183,-0.38810116,17.93947026692331,-0.0013887472,-0.04603841155767441,0.01152339735417291,0.031531125,0.1662545871301565,2000,0.69376284,-1.0,4.6161745196001175e-94,0.0,528.2899102821248,0.011253248027060181,0.70566803,18.47311447293032,-2.2892914,0.0,0.026348596438765526,-0.6115714283369016,0,0.12352108,0,200,0.0,0.14486861,4000,0.1498095542192459,0.006634756943658837,-3.169528,0.08862050911284686,-0.9501066,0.1976087569935561,-0.016909539699554443,0.24450824,0,-0.014151511060463235,-3.0927925,0.08236682,0.017092265483071637,5,0.6372785,0.0,-0.0721512411724223,0.02023829601239413,0.020863797515630722,0.1679166402331632,0,-0.16380161,1.4253422,20,-0.02350548941873285,0.0,-0.4820395241016293,0.16049792,0.002807099351059517,0.0,0.27328485874241554,-0.12214366927158939,0.7025152,0.09684534,-1.443024823448446,-0.21958071,0.0030694126713380265,-2.442873385431787,-3.8024802,0.0001024956034216652,-0.9423292,4.6161745196001175e-94,0.18328440203153437,-0.9590071,20,0.06982427409898781,0.09029532144010918,0.9950975625409327,0.7919612414843868,-0.0042012944,0,0.11009416911929637,3.6962254424385e-05,0.0,-0.7332279,0,0.08019776997389272,-0.00148703637503786,0.05641451198607683,-0.7332279,0.20662451,-0.46294647,0.08079852609413052,2.670858,0.0041677367873489855,0.0,-0.92076826,0.9950975625409327,-0.8243881312148623,0,1.3190558115469757,0.0010044691,0.0,29,1.7306660868521905e-39,20.0,0.0,-0.6115714283369016,1500,-0.009044289,0.08869431533490364,0,0.8132669144195789,0.0,1.7306660868521905e-39,-0.022213609619575435,0.0,-0.017488855957818145,0.7944266013219021,0.00677112183666776,0.7944266013219021,0.20354018670425114,0.0
0.016077017042801445,20,1.0,50,2.9917204,0,-0.044762403,-5.85490039652072,0.38312814,0.50678575,-0.5257129052629098,1.9459682,-0.64966196,-0.04573229,0,0.020834625,0.0,-0.063083954,0.8648085,0.64145166,0.3581202169880271,0.011056722796126241,0.7761178,-3.4414182,-0.01599406,0,31000,0.008228675,0,4.5192156,0.02281358651816845,1.2593980164040015,1.5969449774135984,0.3301211312195858,-0.0021035897,0.005791031224063612,0.014482545535255924,-3.0098252,-0.07187293,-0.21081391,20.0,1.002442223276412e-06,0.31513283714152673,20,-2.8339542793759103,-1.0900166083969276,-0.28537112,0.0016752961,-4.517348333745598,-1.0555172,-0.87070566,0.8288134,-0.7838063368108124,-0.0003764364,-2.2340136,-0.23494773,17.568634034949355,-0.00081066263,-0.042210884392261505,0.010631165403700462,0.043204527,0.08452110902919407,2000,0.7804946,-0.7838063368108124,7.234278927152697e-42,0.0,546.6121310440358,0.01150456297909841,0.7908599,18.09012600686401,-2.3129184,0.0,0.025339286774396896,-0.29845826979726553,0,0.19858997,0,205,0.0,0.19262105,4100,-0.21087515354156494,0.006732228331964248,-2.9813695,0.07935351476440541,-1.0569124,0.19819288298006085,-0.0194938313215971,0.21805255,0,0.041297931165488536,-2.971645,0.077028126,0.015378423228030676,5,0.8384961,0.0,-0.05450083041984639,0.02008422598009929,0.020190563052892685,0.10924716990657392,0,-0.18682393,1.4236387,20,-0.06772974808217612,0.0,-0.5550526998419771,0.1796507,0.008876549128544554,0.0,0.24094203177503853,-0.14169771396879552,0.78807634,0.08885904,-1.0900166083969276,-0.22155194,0.004874746370325202,-2.8339542793759103,-4.0102935,3.188142749420354e-05,-0.87070566,7.234278927152697e-42,0.2093660644254343,-1.038927,20,0.0676240800665098,0.10794424279857115,0.9805622012862673,1.0,-0.0041272934,0,0.09379724455978951,0.002900492078900978,0.0,-0.6001564,0,0.07760895695537329,-0.0027872100099921226,0.05417400901205838,-0.866051,0.21373183,-0.56208885,0.06439607229126734,2.0094419,0.001962404217920266,0.0,-0.8442177,0.7669931610083603,-1.1593623541818854,0,1.078219524907841,0.0033731773,0.0,30,2.6401575489437076e-47,20.0,0.0,-0.1916324613703182,1550,-0.0071562533,0.13211521216223981,0,0.6999296980257038,0.0,3.067355149297513e-47,0.07934998492864906,0.0,-0.0388706394812054,0.592692316204193,0.022600927328864616,0.592692316204193,0.1555050087158031,0.0
0.10506927265531069,20,0.19436535763088614,50,3.0535917,0,-0.009376837,-3.552234963917179,0.35324484,0.87075526,-0.5529678619352186,2.085388,-0.47664994,-0.031589735,0,0.0027002096,0.0,-0.06722512,0.5531158,0.6515515,0.3697344199754298,0.011826862404994903,0.54595554,-3.4995363,-0.09149556,0,32000,-0.008769212,0,6.0433207,0.021216219291090965,0.6615267903472759,1.2005367257855504,0.22987615637479994,0.0055245385,0.25125979271661153,0.6281497814400835,-2.8247468,-0.08989218,-0.1846878,20.0,1.9660322053637597e-06,0.3349694874949186,20,-2.09988370596696,-1.2180635349588207,-0.10017573,0.0010077335,-3.8114303629505497,-0.97339,-1.1299788,0.59477055,-0.9397554729075637,-0.0008356318,-2.143426,-0.29321274,18.06772342592012,-0.0011859055,-0.03728088364005089,0.014893669661757647,0.017804123,0.2176042799334146,2000,0.7329711,-0.9397554729075637,4.7744753956955875e-121,0.0,565.447908782051,0.011559150007087737,0.73359084,18.601139494974632,-2.304124,0.0,0.04353776201605797,-0.5582992915296927,0,0.09468657,0,210,0.0,0.12566218,4200,0.33467990159988403,0.010009682301878655,-2.8114743,0.07191974185558316,-0.9771203,0.21587287377562522,-0.023832496255636215,0.29715633,0,-0.10398153894887173,-2.8287346,0.090287134,0.020781761514118563,5,0.4243244,0.0,-0.06090317674794104,0.020053535990882665,0.019852790981531143,0.12313287690177119,0,-0.15089804,1.4302527,20,0.01670447369426512,0.0,-0.35189284280965355,0.07551802,0.018262512987544482,0.0,0.20416859666367412,-0.104994185298348,0.7379861,0.108836375,-1.2180635349588207,-0.3035773,0.01807593655747025,-2.09988370596696,-4.1295767,0.00043982055450787614,-1.1299788,4.7744753956955875e-121,0.20351948908281134,-0.9725675,20,0.10355718220720905,0.0993333821296591,0.9921633746003062,0.3932148633757606,-0.008246883,0,0.1299346558292135,0.12563019600716357,0.0,-0.5450514,0,0.07710443198448047,-0.0019377676157637325,0.0549645310966298,-0.5450514,0.1825151,-0.29767045,0.04121295790207145,1.8276407,-0.003038444579578936,0.0,-0.7456177,0.9687814846872305,-0.22874877741770827,0,1.0381063205680312,0.0012172235,0.0,31,1.2021882432719426e-13,20.0,0.0,-0.5582992915296927,1600,-0.017862568,0.09754572390612914,0,0.9468376117569645,0.0,1.2021882432719426e-13,-0.19291484745413073,0.0,-0.007512634381285835,1.0,0.049757109745815736,1.0,0.1407354658084861,0.0
